Workbook
Name TotalSales: SummaryDashboard!$B$3

Sheet RawData
A1: Region | B1: Product | C1: Year | D1: Quarter | E1: Sales | F1: Cost | G1: Units
A2: North | B2: Widget A | C2: 2025 | D2: Q3 | E2: 1034.6 | F2: 620.76 | G2: 53
A3: South | B3: Widget B | C3: 2023 | D3: Q4 | E3: 1051.9 | F3: 631.14 | G3: 55
A4: East | B4: Service X | C4: 2024 | D4: Q1 | E4: 1069.2 | F4: 641.52 | G4: 56
A5: West | B5: Widget A | C5: 2025 | D5: Q2 | E5: 1086.5 | F5: 651.9 | G5: 58
A6: North | B6: Widget B | C6: 2023 | D6: Q3 | E6: 1103.8 | F6: 662.28 | G6: 60
A7: South | B7: Service X | C7: 2024 | D7: Q4 | E7: 1121.1 | F7: 672.66 | G7: 61
A8: East | B8: Widget A | C8: 2025 | D8: Q1 | E8: 1138.4 | F8: 683.04 | G8: 63
A9: West | B9: Widget B | C9: 2023 | D9: Q2 | E9: 1155.7 | F9: 693.42 | G9: 65
A10: North | B10: Service X | C10: 2024 | D10: Q3 | E10: 1173 | F10: 703.8 | G10: 67
A11: South | B11: Widget A | C11: 2025 | D11: Q4 | E11: 1190.3 | F11: 714.18 | G11: 68
A12: East | B12: Widget B | C12: 2023 | D12: Q1 | E12: 1207.6 | F12: 724.56 | G12: 70
A13: West | B13: Service X | C13: 2024 | D13: Q2 | E13: 1224.9 | F13: 734.94 | G13: 72
... A101: West | B101: Widget A | C101: 2025 | D101: Q2 | E101: 2747.3 | F101: 1648.38 | G101: 221

Sheet SummaryDashboard
A1: Executive Summary
A3: Total Sales | B3: =SUM(RawData!E2:E101)
A4: Total Cost | B4: =SUM(RawData!F2:F101)
A5: Gross Margin | B5: =B3-B4
A6: Margin % | B6: =IF(B3=0,0,B5/B3)
A8: Regional Breakdown
A9: North Total | B9: =SUMIF(RawData!A:A,"North",RawData!E:E)
A10: South Total | B10: =SUMIF(RawData!A:A,"South",RawData!E:E)
A11: East Total | B11: =SUMIF(RawData!A:A,"East",RawData!E:E)
A12: West Total | B12: =SUMIF(RawData!A:A,"West",RawData!E:E)
A14: Complex YoY Growth (multi-function + array style) | B14: =IFERROR(AVERAGE(IF(RawData!C:C=2025,RawData!E:E))/AVERAGE(IF(RawData!C:C=2024,RawData!E:E))-1,0)

Sheet PivotAnalysis
A1: Pivot Tables (simulated with formulas - real pivots use cache in xl/pivotCaches)
A3: Sales by Region and Product
A4: Region | B4: Widget A | C4: Widget B | D4: Service X | E4: Total
A5: North | B5: =SUMIFS(RawData!E:E,RawData!A:A,A5,RawData!B:B,"Widget A") | C5: =SUMIFS(RawData!E:E,RawData!A:A,A5,RawData!B:B,"Widget B") | D5: =SUMIFS(RawData!E:E,RawData!A:A,A5,RawData!B:B,"Service X") | E5: =SUM(B5:D5)
A6: South | B6: =SUMIFS(RawData!E:E,RawData!A:A,A6,RawData!B:B,"Widget A") | C6: =SUMIFS(RawData!E:E,RawData!A:A,A6,RawData!B:B,"Widget B") | D6: =SUMIFS(RawData!E:E,RawData!A:A,A6,RawData!B:B,"Service X") | E6: =SUM(B6:D6)
A7: East | B7: =SUMIFS(RawData!E:E,RawData!A:A,A7,RawData!B:B,"Widget A") | C7: =SUMIFS(RawData!E:E,RawData!A:A,A7,RawData!B:B,"Widget B") | D7: =SUMIFS(RawData!E:E,RawData!A:A,A7,RawData!B:B,"Service X") | E7: =SUM(B7:D7)
A8: West | B8: =SUMIFS(RawData!E:E,RawData!A:A,A8,RawData!B:B,"Widget A") | C8: =SUMIFS(RawData!E:E,RawData!A:A,A8,RawData!B:B,"Widget B") | D8: =SUMIFS(RawData!E:E,RawData!A:A,A8,RawData!B:B,"Service X") | E8: =SUM(B8:D8)
A10: Grand Total | E10: =SUM(E5:E8)

Sheet MacroSimulation
A1: This area simulates VBA / macro logic (real .xlsm would have xl/vbaProject.bin)
A3: AutoRefreshFlag | B3: 1
A4: LastRun | B4: 2026-06-09
A6: Note: ThisWorkbook.Workbook_Open would execute here in real macro-enabled file

Sheet _HiddenControl
A1: InternalConfig | B1: v4.2-macro-pivots-enabled
A3: PivotCacheRefresh | B3: Auto
A5: MacroEnabled | B5: TRUE
